Category,Region,Organization,Sport / Category,Country,Contact Name,Title,Email,LinkedIn,Phone,Source,Date Sent,Touch #,Outcome,Notes
Club,Czech Republic (home),HC Sparta Praha,Ice Hockey,Czech Republic,David Dinda,Head of Marketing,office@hcsparta.cz (org),,+420 266 727 411,https://nhl.cz/klub/8/contact,,,,
Club,Czech Republic (home),AC Sparta Praha,Football,Czech Republic,Tomáš Křivda,Generální ředitel / Commercial Dept. Director,,,,https://sparta.cz/cs/klub/organizacni-struktura,,,,
Club,Czech Republic (home),HC Kometa Brno,Ice Hockey,Czech Republic,Štěpán Vrubl,Obchodní manažer (Commercial Manager),marketing@kometagroup.cz (org),,733 537 349,https://hc-kometa.cz/clanek.asp?id=2943; https://www.hokej.cz/klub/hc-kometa-brno/22/contact,,,,
Club,Czech Republic (home),Oceláři Třinec,Ice Hockey,Czech Republic,Ing. Peter Harvan,Marketingový manažer,peter.harvan@hcotrinec.cz,,602 637 220,https://www.hcocelari.cz/spoluprace,,,,
Club,Czech Republic (home),Bílí Tygři Liberec,Ice Hockey,Czech Republic,Mgr. Dominik Jakubec,Obchodní a marketingový manažer,,,,https://www.hokej.cz/klub/bili-tygri-liberec/18/contact,,,,
Club,Czech Republic (home),Mountfield HK,Ice Hockey,Czech Republic,Ing. Michal Skaunic,Commercial Director (Obchodní ředitel),michal.skaunic@mountfieldhk.cz,,495 512 202 (switchboard),https://www.mountfieldhk.cz/zobraz.asp?id=vedeni-klubu,,,,
Club,Czech Republic (home),SK Slavia Praha,Football,Czech Republic,Kateřina Vavrlová,Komerční ředitelka (Commercial Director),,https://cz.linkedin.com/in/katerina-vavrlova,,https://www.slavia.cz/text/katerina-vavrlova,,,,
Club,Czech Republic (home),FC Viktoria Plzeň,Football,Czech Republic,,,fcviktoria@fcviktoria.cz (org),,+420 377 221 515,https://www.fcviktoria.cz/eng/zobraz.asp?t=kontakty-klub,,,,
Club,Czech Republic (home),FC Baník Ostrava,Football,Czech Republic,Michaela Šlejharová,Sekretářka klubu (Club Secretary),info@fcb.cz (org),,+420 603 773 888,https://www.fcb.cz/zobraz.asp?t=kontakt,,,,
Club,Czech Republic (home),SK Sigma Olomouc,Football,Czech Republic,Mgr. Adam Košař,Obchodní oddělení / partnerství,,,585 222 956,https://sigmafotbal.cz/kontakty,,,,
Club,Czech Republic (home),Bohemians 1905,Football,Czech Republic,Pavel Brož,Obchodní ředitel (Commercial Director),pavel.broz@bohemians1905.cz,,+420 603 488 373,https://bohemians.cz/kontakty,,,,
Club,Czech Republic (home),FK Jablonec,Football,Czech Republic,,,,,,https://rocketreach.co/fk-jablonec-email-format_b418200dff431e28,,,,
Club,Czech Republic (home),FK Mladá Boleslav,Football,Czech Republic,,,,,+420 326 211 441,https://fkmb.cz/Kontakty,,,,
Club,Czech Republic (home),FC Hradec Králové,Football,Czech Republic,,Obchodní oddělení,obchod@fchk.cz (org),,+420 608 579 158,https://www.fchk.cz/zobraz.asp?t=kontakt,,,,
Club,Czech Republic (home),HC Dynamo Pardubice,Ice Hockey,Czech Republic,Miroslav Novotný,Obchodní oddělení,,,777 820 416,https://hcdynamo.cz/kontakty,,,,
Club,Czech Republic (home),HC Vítkovice Ridera,Ice Hockey,Czech Republic,Aneta Čecháčková,Obchodní manažerka (Commercial Manager),,,,https://www.hc-vitkovice.cz/article/13312-Klub-rozsiruje-a-obmenuje-marketingovy-i-obchodni-tym,,,,
Club,Czech Republic (home),HC Škoda Plzeň,Ice Hockey,Czech Republic,Bc. Alžběta Pejcharová,Obchodní manažer (Commercial Manager),pejcharova@hcplzen1929.cz,,603 459 694,https://www.hcplzen.cz/text/zamestnanci,,,,
Club,Czech Republic (home),HC Energie Karlovy Vary,Ice Hockey,Czech Republic,Jana Parýzková,Key Account Manager,,,776 166 919,https://hokejkv.cz/article/13234-Stan-se-partnerem-Energie-a-uzij-si-jedinecny-divacky-a-gurmansky-zazitek,,,,
Club,Czech Republic (home),HC Motor České Budějovice,Ice Hockey,Czech Republic,Tomáš Kučera,Marketingový a PR ředitel,,,,https://hcmotor.cz/zobraz.asp?t=vedeni-klubu,,,,
Club,Czech Republic (home),Florbal Chodov,Floorball,Czech Republic,,,,,,https://www.florbalchodov.cz/kontakty,,,,
Club,Czech Republic (home),Tatran Střešovice,Floorball,Czech Republic,,,provoz@tatran.cz (org),,,https://tatran.cz/florbal/,,,,
Club,Czech Republic (home),ERA Basketball Nymburk,Basketball,Czech Republic,,,team@nymburk.basketball (org),,602 338 717,https://www.nymburk.basketball/zobraz.asp?t=kontakty,,,,
Club,Czech Republic (home),USK Praha (ZVVZ USK Praha),Basketball,Czech Republic,Mgr. Marek Kučera,Club contact (role unspecified),marek.kucera@uskbasket.cz,,,https://www.uskbasket.cz/o-klubu,,,,
Club,Czech Republic (home),Talent Plzeň,Handball,Czech Republic,Jan Štochl,Club Manager,stochljan@seznam.cz,,,https://talentplzen.cz/partneri,,,,
Club,Czech Republic (home),HC Zubří (HC ROBE Zubří),Handball,Czech Republic,Jiří Koňařík,Manager,konarik@hczubri.cz,,607 949 026,https://www.hczubri.cz/kontakty/,,,,
Club,Czech Republic (home),HBC Karviná,Handball,Czech Republic,,,sekretariat@hcb-karvina.cz (org),,+420 605 300 005,https://www.hcb-karvina.cz/zobraz.asp?id=kontakty,,,,
Club,Czech Republic (home),1.FC Slovácko,Football,Czech Republic,Martin Šprňa,Obchodní zástupce (Business Representative),,,+420 770 185 223,https://www.fcslovacko.cz/en/contact,,,,
Club,Czech Republic (home),FK Pardubice,Football,Czech Republic,Mgr. Daniel Palaščák,Marketing Manager,palascak@fkpardubice.cz,,739 630 580,https://www.fkpardubice.cz/management,,,,
Club,Worldwide,Legia Warszawa,Football,Poland,Piotr Tabiś,Sponsorships Manager,piotr.tabis@legia.pl,,+48 798 954 282,https://biznes.legia.com/en/sponsoring/,,,,
Club,Worldwide,Lech Poznań (KKS Lech Poznań),Football,Poland,Marcin Grotkiewicz,Sponsorship Director,marcin.grotkiewicz@lechpoznan.pl,,"+48 882 168 575 (club business line, org-level)",https://biznes.lechpoznan.pl/marketing-sportowy.html,,,,
Club,Worldwide,Ferencvárosi TC (Fradi),Football,Hungary,András Igaz,"CEO, SPORTFIVE Hungary (FTC's outsourced sponsorship agency)","info@fradi.hu (club org-level, not personal)",https://www.linkedin.com/in/andr%C3%A1s-igaz-99778b173/,+36 1 455 2300 (stadium/agency switchboard),https://www.groupamaarena.com/sportfive-1; https://www.fradi.hu/klub/impresszum,,,,
Club,Worldwide,SK Rapid Wien,Football,Austria,Philipp Lederer,Head of Sponsoring & Hospitality,lederer@skrapid.com,,+43 670 1899 448,https://www.skrapid.at/verein/fans/anlaufstellen/,,,,
Club,Worldwide,SK Sturm Graz,Football,Austria,Daniela Friedl,Head of Sponsoring,daniela.friedl@sksturm.at,,+43 316 771 771-14,https://sksturm.at/en/c/geschaeftsstelle,,,,
Club,Worldwide,Vienna Capitals,Ice Hockey,Austria,,"(organization-level, not personal)",office@vienna-capitals.at,,01 209 99 99,https://www.vienna-capitals.at/impressum.html,,,,
Club,Worldwide,FC Midtjylland,Football,Denmark,Hans Peter Riis,Head of Sales (Salgschef),hpr@fcm.dk,,+45 24 25 15 73,https://www.fcm.dk/sponsor/,,,,
Club,Worldwide,Brøndby IF,Football,Denmark,Martin Sahlertz,Chief Commercial Officer,,https://www.linkedin.com/in/sahlertz/,"+45 43 63 08 10 (club switchboard, org-level)",https://brondby.com/nyheder/herrer/2026/juli/martin-sahlertz-bliver-chief-commercial-officer-i-brondby-if,,,,
Club,Worldwide,Adler Mannheim,Ice Hockey,Germany,Alexander König,Direktor Marketing & Sales,a.koenig@adler-mannheim.de,,,https://www.adler-mannheim.de/die-adler/office,,,,
Club,Worldwide,Eisbären Berlin,Ice Hockey,Germany,Nico Pyka,Senior Director Partnerships & Sales,n.pyka@eisbaeren.de,,+49 30 97 18 40 46,https://www.eisbaeren.de/partner/sponsorenteam,,,,
Club,Worldwide,EHC Biel-Bienne,Ice Hockey,Switzerland,Sébastien Meyer,Sales & Marketing Director,smeyer@ehcb.ch,https://www.linkedin.com/in/s%C3%A9bastien-meyer-b339226a/,+41 32 328 37 37 (club switchboard),https://www.ehcb.ch/de/club/verwaltungsrat-mitarbeitende/geschaeftsleitung,,,,
Club,Worldwide,Frölunda HC,Ice Hockey,Sweden,Christian Lechtaler,Klubbdirektör (Club Director/GM),christian.lechtaler@frolundahockey.com,,031-708 16 80 (club switchboard),https://www.frolundahockey.com/kontakt,,,,
Club,Worldwide,Oulun Kärpät,Ice Hockey,Finland,Ilkka Mikkola,Myyntijohtaja (Sales Director),ilkka.mikkola@karpat.fi,,+358 40 520 0610,https://www.karpat.fi/yrityksille/kumppanuus,,,,
Club,Worldwide,Hershey Bears,Ice Hockey (AHL),USA,Laura Woodburn Krolczyk,Sponsorship/advertising contact,lwoodburnkrolczyk@hersheypa.com,,717-534-3332,https://www.hersheyentertainment.com/giant-center/info/sponsorships.php,,,,
Club,Worldwide,Louisville City FC,Soccer (USL Championship),USA,Brad Gordon,Sr. Partnership Development Director,bgordon@loucity.com,,,https://www.loucity.com/about/front-office/,,,,
Club,Worldwide,Shonan Bellmare,Football (J1 League),Japan,,"(organization-level, not personal)",contact@bellmare.co.jp,,,https://www.bellmare.co.jp/contact/,,,,
Club,Worldwide,Deportivo Independiente Medellín,Football,Colombia,Diego Jaramillo,Director Comercial,"info@dimoficial.com (org-level, not personal)",,(604) 590-6934,https://www.elcolombiano.com/deportes/independiente-medellin/medellin-revoluciono-mercadeo-del-futbol-CE3633747; https://www.dimoficial.com,,,,
Club,Worldwide,Florida Everblades,Ice Hockey (ECHL),USA,,"(organization-level, not personal)",info@floridaeverblades.com,,(239) 948-7825,https://www.floridaeverblades.com/community/partnership-opportunities,,,,
Club,Worldwide,Storvreta IBK,Floorball,Sweden,Hannes Öhman,Försäljnings- och Marknadschef (Sales & Marketing Manager),hannes@storvretaibk.se,,0735-19 14 14,https://www.storvretaibk.se/bli-partner,,,,
Club,Worldwide,Pixbo Wallenstam IBK,Floorball,Sweden,Charlie Sanderson,Kommersiell Chef (Commercial Manager),charlie.sanderson@pixbo.se,,0734-476 019,https://www.pixbo.se/kontakt,,,,
Club,Worldwide,TVB Stuttgart,Handball,Germany,Sebastian Grüne,Ansprechpartner Sponsoring,sg@tvbstuttgart.de,,0162/4312275,https://www.tvbstuttgart.de/businesszone/sponsoring-beim-tvb,,,,
Club,Worldwide,Team Chambé (Chambéry Savoie Handball),Handball,France,,"(organization-level; source site unreachable, unverified)",partenariat@teamchambe.com,,04 79 70 60 50,"teamchambe.com/contact (unverified, site unreachable)",,,,
Club,Worldwide,BC Rytas (Rytas Vilnius),Basketball,Lithuania,,"(organization-level, not personal)",sales@bcvilnius.lt,,,https://rytasvilnius.lt/en/contacts/,,,,
Federation,Czech Republic (home),Český svaz ledního hokeje (Český hokej),Ice Hockey,Czech Republic,Petr Jonák,Manažer rozvoje mládeže (Youth Development Manager),jonak@czehockey.cz,,+420 727 920 200,https://www.ceskyhokej.cz/zamestnanci-sportovni-oddeleni-rozvoj-ledniho-hokeje,,,,
Federation,Czech Republic (home),Český svaz ledního hokeje (Český hokej),Ice Hockey,Czech Republic,Martin Urban,Generální sekretář (Secretary General),urban@czehockey.cz,,+420 606 656 900,https://ceskyhokej.cz/kontaktni-udaje,,,,
Federation,Czech Republic (home),FAČR (Fotbalová asociace ČR),Football,Czech Republic,Otakar Mestek,Vedoucí Grassroots (Head of Grassroots Dept.),mestek@fotbal.cz,,,https://www.fotbal.cz/nasfotbal/grassroots-manazeri/p86,,,,
Federation,Czech Republic (home),FAČR (Fotbalová asociace ČR),Football,Czech Republic,Michal Blažej,Grassroots manažer,blazej@fotbal.cz,,,https://www.fotbal.cz/nasfotbal/grassroots-manazeri/p86,,,,
Federation,Czech Republic (home),Pražský fotbalový svaz,Football,Czech Republic,Luboš Zákostelský,GTM (Grassroots trenér mládeže),zakostelsky@fotbalpraha.cz,,604 875 827,https://www.fotbalpraha.cz/clanek/9562-grassroots-treneri-mladeze-pomahaji-a-inspiruji-v-klubech-vyuzijte-jejich-znalosti-taky,,,,
Federation,Czech Republic (home),Středočeský krajský fotbalový svaz,Football,Czech Republic,Milan Kormaník,GTM (Grassroots trenér mládeže),gtm@skfs.cz,,724 112 661,https://www.stredoceskyfotbal.cz/,,,,
Federation,Czech Republic (home),Jihomoravský krajský fotbalový svaz,Football,Czech Republic,Stanislav Schwarz,Trenér mládeže (Youth Trainer),schwarzstanislav@seznam.cz,,734 447 990,https://www.facebook.com/jmkfscz/about/,,,,
Federation,Czech Republic (home),Moravskoslezský krajský fotbalový svaz,Football,Czech Republic,Radim Zajíc,GTM (Grassroots trenér mládeže),zajic@mskfs.cz,,739 067 134,http://www.mskfs.cz/contact/,,,,
Federation,Czech Republic (home),Královéhradecký krajský fotbalový svaz,Football,Czech Republic,Jana Míla,GTM kontakt (Grassroots youth coaching),mil@fotbal.cz,,,https://www.khfotbal.cz/kontakty/kontakty-kfs/,,,,
Federation,Czech Republic (home),Plzeňský krajský fotbalový svaz,Football,Czech Republic,Michal Šnobl,Sekretář (Secretary),sekretar@pkfs.cz,,377 245 108,https://www.pkfs.cz/,,,,
Federation,Czech Republic (home),Jihočeský krajský fotbalový svaz,Football,Czech Republic,Karel Musil,"Předseda komise mládeže a TM (Chair, Youth Commission)",,,602 643 521,https://www.fotbal.cz/souteze/subjekty/page/265?pageId=274,,,,
Federation,Czech Republic (home),Ústecký krajský fotbalový svaz,Football,Czech Republic,Jan Štefko,Grassroots trenér mládeže,steffi.j@seznam.cz,,606 683 407,https://facr.fotbal.cz/document/download/38031,,,,
Federation,Czech Republic (home),Krajský fotbalový svaz Vysočina,Football,Czech Republic,Stanislav Duben,Profesionální trenér mládeže,duben@fotbal.cz,,728 517 829,https://www.fotbal.cz/facr/document/download/106850,,,,
Federation,Czech Republic (home),Zlínský krajský fotbalový svaz,Football,Czech Republic,Radovan Lukáš,Sekretář (Secretary),lukas@kfszlin.cz,,604 762 224,https://new.kfszlin.cz/index.php/kontakt/34-kontakt-a-sidlo-svazu-zl-kfs,,,,
Federation,Czech Republic (home),Liberecký krajský fotbalový svaz,Football,Czech Republic,Michal Kolčava,Mládež (Youth Coordinator),kolcava@fotbal.cz,,603 844 534,https://facr.fotbal.cz/document/download/87198,,,,
Federation,Czech Republic (home),Olomoucký krajský fotbalový svaz,Football,Czech Republic,,(org-level),kfsol@email.cz,,602 775 704,https://www.kfsol.cz/kontakt,,,,
Federation,Czech Republic (home),Pardubický krajský fotbalový svaz,Football,Czech Republic,Jiří Kovárník,Grassroots trenér mládeže,kovarnik@fotbal.cz,,778 000 072,https://facr.fotbal.cz/document/download/19512,,,,
Federation,Czech Republic (home),Jihomoravský krajský svaz ledního hokeje,Ice Hockey,Czech Republic,Vítězslav Sklenář,Sekretář (Secretary),jihomoravsky@czehockey.cz,,777 586 818,http://jihomoravsky.ceskyhokej.cz/dalsi-kraje,,,,
Federation,Czech Republic (home),Moravskoslezský krajský svaz ledního hokeje,Ice Hockey,Czech Republic,Patrik Jankovič,Sekretář (Secretary),moravskoslezsky@czehockey.cz,,603 844 425,https://moravskoslezsky.ceskyhokej.cz/,,,,
Federation,Czech Republic (home),Plzeňský krajský svaz ledního hokeje,Ice Hockey,Czech Republic,Václav Fürbacher,Sekretář (Secretary),plzensky@czehockey.cz,,604 124 819,https://plzensky.ceskyhokej.cz/,,,,
Federation,Czech Republic (home),Český svaz házené,Handball,Czech Republic,Matěj Oškera,Manažer mládeže (Youth Manager),oskera@handball.cz,,+420 778 882 858,https://www.handball.cz/svaz/kontakty,,,,
Federation,Czech Republic (home),Český svaz házené,Handball,Czech Republic,Petra Vozobulová,Generální sekretářka (Secretary General),vozobulova@handball.cz,,+420 777 855 870,https://www.handball.cz/svaz/kontakty,,,,
Federation,Czech Republic (home),Středočeský krajský svaz házené,Handball,Czech Republic,,Komise mládeže SKSH (org-level),mladez.sksh@handball.cz,,,https://www.handball.cz/regiony/stredocesky,,,,
Federation,Czech Republic (home),Česká basketbalová federace (ČBF),Basketball,Czech Republic,Petr Benda,Vedoucí úseku mládeže – chlapci (Head of Boys' Youth Dept.),pbenda@cz.basketball,,,https://cz.basketball/kontakty/p43,,,,
Federation,Czech Republic (home),Česká basketbalová federace (ČBF),Basketball,Czech Republic,Robert Landa,Vedoucí úseku mládeže – dívky (Head of Girls' Youth Dept.),rlanda@cz.basketball,,,https://cz.basketball/kontakty/p43,,,,
Federation,Czech Republic (home),Český volejbalový svaz (ČVS),Volleyball,Czech Republic,Vojtěch Šrubař,Generální sekretář (Secretary General),cvf@cvf.cz,,+420 773 788 766,https://www.cvf.cz/cvs/kontakt,,,,
Federation,Czech Republic (home),Česká florbalová unie,Floorball,Czech Republic,,(org-level),info@ceskyflorbal.cz,,261 219 549 / 775 339 325,https://www.ceskyflorbal.cz/cfbu/struktura/dalsi-komise/pravidlova-komise,,,,
Federation,Worldwide,Danmarks Ishockey Union (Danish Ice Hockey Federation),Ice Hockey,Denmark,Thomas Juul-Madsen,Udviklingschef (Development Chief),tma@ishockey.dk,,2539 2402,https://ishockey.dk/administration-og-sportsafdeling/,,,,
Federation,Worldwide,Norges Ishockeyforbund (Norwegian Ice Hockey Federation),Ice Hockey,Norway,Petter Salsten,Generalsekretær (General Secretary),Petter.Salsten@hockey.no,,+47 901 98 920,https://www.hockey.no/,,,,
Federation,Worldwide,Latvijas Hokeja Federācija (Latvian Ice Hockey Federation),Ice Hockey,Latvia,Edgars Buncis,Sports Director,edgars.buncis@lhf.lv,,+371 67565614 (org),https://www.lhf.lv/lv/lhf/darbinieki,,,,
Federation,Worldwide,Polski Związek Hokeja na Lodzie (Polish Ice Hockey Federation),Ice Hockey,Poland,,(org-level),pzhl@pzhl.org.pl,,+48 790-840-222,https://pzhl.eu/i/kontakt/12,,,,
Federation,Worldwide,Magyar Jégkorong Szövetség (Hungarian Ice Hockey Federation),Ice Hockey,Hungary,,(org-level),info@icehockey.hu,,+36 1 460 6863,https://jegkorongszovetseg.hu/kapcsolat-1,,,,
Federation,Worldwide,Österreichischer Eishockeyverband (ÖEHV),Ice Hockey,Austria,Florian Mühlstein,Ausbildungs- & Entwicklungsleiter Nachwuchs (Youth Training & Development Manager),florian.muehlstein@eishockey.at,,+43 1 20 200 20-559,https://eishockey.at/der-oehv/organisation,,,,
Federation,Worldwide,Hokejska zveza Slovenije (HZS),Ice Hockey,Slovenia,Jure Penko,Technical Director,jure.penko@hokejska-zveza.si,,+386 51 270 500 (org),https://www.hokej.si/hzs-2/vodstvo-hokejske-zveze-slovenije/,,,,
Federation,Worldwide,Slovenský zväz ľadového hokeja (SZĽH),Ice Hockey,Slovakia,,Development Dept. manager (Rozvojové oddelenie); President: Miroslav Šatan,ladiver@szlh.sk,,+421 917 627 355,https://www.hockeyslovakia.sk/; https://en.wikipedia.org/wiki/Slovak_Ice_Hockey_Federation,,,,
Federation,Worldwide,swiss unihockey (Swiss Floorball Federation),Floorball,Switzerland,Lukas Schüepp,Verantwortlicher Nachwuchs (Youth Development Manager),lukas.schueepp@swissunihockey.ch,,+41 31 330 24 56,https://www.swissunihockey.ch/de/administration/verband/geschaeftsstelle/,,,,
Federation,Worldwide,Dansk Håndbold Forbund (Danish Handball Federation),Handball,Denmark,Lars Porskær Møller,Udviklingschef (Development Chief),lmo@danskhaandbold.dk,,21 63 16 51,https://www.danskhaandbold.dk/kontakt-medarbejder,,,,
Federation,Worldwide,Svenska Innebandyförbundet (Swedish Floorball Federation),Floorball,Sweden,Hanna Wigertz Andersson,Utvecklingsansvarig / Development Director,hanna.wigertz.andersson@innebandy.se,,08-514 274 08,https://www.innebandy.se/om-oss/kontakta-oss/personal,,,,
Federation,Worldwide,Suomen Salibandyliitto (Finnish Floorball Federation),Floorball,Finland,Mervi Kilpikoski,Kehitysjohtaja (Development Director),mervi.kilpikoski@salibandy.fi,,0400 529 008,https://salibandy.fi/info-2/yhteystiedot/henkilosto/,,,,
Federation,Worldwide,Polish Football Association (PZPN),Football,Poland,Tomasz Garbowski,"Wiceprezes ds. piłkarstwa amatorskiego (VP, Amateur/Grassroots Football)",wsparcie@pzpn.pl (org; personal not found),,+48 732 122 222,https://www.pzpn.pl/federacja/struktura-organizacyjna,,,,
Federation,Worldwide,Hungarian Football Federation (MLSZ),Football,Hungary,Gáncsos András,Bozsik Program Coordinator (grassroots youth football),gancsos.andras@mlsz.hu,,+36 1 577 9500 (switchboard),https://www.mlsz.hu/kapcsolat; http://bozsikprogram.mlsz.hu/,,,,
Federation,Worldwide,Nogometna zveza Slovenije (NZS),Football,Slovenia,Rajko Korent,"Head of ""Nogomet za vse"" / Football for All (grassroots)",rajko.korent@nzs.si,,(04) 275 9447,https://www.nzs.si/zveza/organizacija/strokovna-sluzba,,,,
Federation,Worldwide,Croatian Football Federation (HNS),Football,Croatia,,(org-level; Football Academy/Grassroots dept),akademija@hns.family,,+385 1 2361 555,https://hns.family/hns/info/kontakti/,,,,
Federation,Worldwide,Football Association of Serbia (FSS),Football,Serbia,Branko Radujko,General Secretary,(email Cloudflare-obscured on site),,+381 11 3233 447,https://fss.rs/en,,,,
Federation,Worldwide,Romanian Football Federation (FRF),Football,Romania,,Junior Competitions dept (Competiții Juniori),competitii.juniori@frf.ro,,+4 031 433 70 37,https://www.frf.ro/despre-frf/contact/,,,,
Federation,Worldwide,Bulgarian Football Union (BFU),Football,Bulgaria,Georgi Ivanov,President,,,,https://en.wikipedia.org/wiki/Bulgarian_Football_Union,,,,
Federation,Worldwide,Eesti Jalgpalli Liit (Estonian Football Association),Football,Estonia,,(org-level; Youth Competitions dept),noored@jalgpall.ee (youth); efa@jalgpall.ee (general),,+372 627 9960,https://www.jalgpall.ee/ejl/kontakt,,,,
Federation,Worldwide,Norges Håndballforbund (Norwegian Handball Federation),Handball,Norway,Jeanette Nilsen,Development Department Leader (Utviklingsavdelingen),jeanette.nilsen@handball.no,,913 37 468,https://www.handball.no/regioner/nhf-sentralt/om-oss/administrasjon/,,,,
Federation,Worldwide,USA Hockey (incl. American Development Model / youth hockey division),Ice Hockey,USA,Pat Kelleher,Executive Director (ADM-specific staff not publicly reachable; site blocks automated access),,,,https://en.wikipedia.org/wiki/USA_Hockey,,,,
Federation,Worldwide,Japan Ice Hockey Federation (JIHF),Ice Hockey,Japan,Akihisa Mizuno,President,,,,https://www.jihf.or.jp/; https://en.wikipedia.org/wiki/Japan_Ice_Hockey_Federation,,,,
Federation,Worldwide,Korea Ice Hockey Association (KIHA),Ice Hockey,South Korea,Chung Mong-won,President,,,,http://www.kiha.or.kr/; https://en.wikipedia.org/wiki/Korea_Ice_Hockey_Association,,,,
Brand Sponsor,Czech Republic (home),Škoda Auto,Automotive (main sponsor IIHF Ice Hockey World Championship),Czech Republic,,,"csr@skoda-auto.cz (org-level, grants/sponsorship)",,,https://www.skoda-auto.cz/o-spolecnosti/grantove-programy-skoda,,,,
Brand Sponsor,Czech Republic (home),Kofola ČeskoSlovensko,Beverages (soft drinks),Czech Republic,Pavol Chalupka,Marketing Director,,https://cz.linkedin.com/in/pavol-chalupka-856963b,,https://www.kofola.cz/aktuality/lidri-z-kofoly-marketingovy-guru-pali,,,,
Brand Sponsor,Czech Republic (home),Nutrend,Sports nutrition/supplements,Czech Republic,Kristýna Doleželová,"Sponsorship contact, NUTREND CREW (athlete sponsorship programme)",kristyna.dolezelova@nutrend.cz,,800 750 750 (general),https://www.nutrend.cz/nutrend-crew,,,,
Brand Sponsor,Czech Republic (home),Lidl Česká republika,"Grocery retail (child playgrounds, UEFA EURO Kids Team)",Czech Republic,,,(general contact form),,,https://spolecnost.lidl.cz/pro-novinare/tiskove-zpravy/lidl-spousti-svou-uefa-euro-2024tm-kampan-lidl-kids-team; https://spolecnost.lidl.cz/kontakt,,,,
Brand Sponsor,Czech Republic (home),Alza.cz,E-commerce/electronics retail,Czech Republic,Petra Nulíčková,Marketing (in-house marketing team),petra.nulickova@alza.cz,,,https://cz.linkedin.com/pulse/jak-funguje-marketing-v-alzacz-petra-nul%C3%AD%C4%8Dkov%C3%A1,,,,
Brand Sponsor,Czech Republic (home),O2 Czech Republic,"Telecom (RunCzech, youth floorball/tennis experiences)",Czech Republic,Marie Mališková,"Manager, Sustainable Business and Sponsorship",,,,https://kariera.o2.cz/blog/podporujeme-kulturni-a-sportovni-akce,,,,
Brand Sponsor,Czech Republic (home),Komerční banka,Banking,Czech Republic,Eliška Puškášová,Sponsorship and Events Manager,,https://www.linkedin.com/in/eli%C5%A1ka-pu%C5%A1k%C3%A1%C5%A1ov%C3%A1-a4663710b/,,LinkedIn profile,,,,
Brand Sponsor,Czech Republic (home),ČSOB,Banking,Czech Republic,,,(general PR/marketing),,,https://www.csob.cz,,,,
Brand Sponsor,Czech Republic (home),Kaufland ČR,"Grocery retail (official partner of Czech ice hockey, youth talent programme)",Czech Republic,Filip Šlampa,Marketing Manager,,,,https://www.mam.cz/novinky/kreativita-a-kampane/2025-05/predstav-si-svet-bez-hokeje-kaufland-poslal-do-hry-gudase-kolecka-i-vignerovou/,,,,
Brand Sponsor,Czech Republic (home),Continental Barum,Automotive (tires; motorsport/rally sponsor),Czech Republic,Magda Nagy,Marketing Communication (Personal Tires),magda.nagy@continental.cz,,+420 577 513 289,https://www.continental.com/cs-cz/pro-media/media-kontakty/kontakt-pro-media-ceska-republika/,,,,
Brand Sponsor,Czech Republic (home),Continental Barum (alt. contact),Automotive (tires),Czech Republic,Regina Feiferliková,"Communication Manager (Plant Communications, Otrokovice)",regina.feiferlikova@barum.cz,,+420 577 512 100,https://www.continental.com/cs-cz/pro-media/media-kontakty/kontakt-pro-media-ceska-republika/,,,,
Brand Sponsor,Czech Republic (home),ČEZ,"Energy utility (broad sports sponsorship incl. running, cycling, youth clubs)",Czech Republic,,,,,,https://www.cez.cz,,,,
Brand Sponsor,Czech Republic (home),Vodafone Czech Republic,Telecom,Czech Republic,Josef Bína,Senior Marketing Specialist,,https://cz.linkedin.com/in/josef-bina-1909/en,,LinkedIn profile,,,,
Brand Sponsor,Czech Republic (home),T-Mobile Czech Republic,Telecom,Czech Republic,Jan Pačovský,Segment Marketing Manager,,https://www.linkedin.com/in/pacovskyjan/,,LinkedIn profile,,,,
Brand Sponsor,Czech Republic (home),Karlovarské minerální vody (Mattoni),Beverages (mineral water; RunCzech/marathon sponsor),Czech Republic,Ondřej Postránský,(spoke on long-term sponsorship strategy),,,,https://mam.cz/zpravy/marketing/2018-02/ondrej-postransky-dlouhodoby-sponzoring-posiluje-emocni-spojeni-se-znackou/,,,,
Brand Sponsor,Czech Republic (home),Rohlík.cz,E-grocery / food delivery,Czech Republic,Andrea Dietlová,Head of Brand and Communication,,,,https://www.zboziaprodej.cz/2022/09/08/andrea-dietlova-nove-vede-brand-marketing-a-komunikaci-v-rohlik-cz/,,,,
Brand Sponsor,Czech Republic (home),Sportisimo,Sports retail,Czech Republic,Martin Krames,Sponsorship/partnerships contact,,,+420 728 365 133,https://rocketreach.co/sportisimo-marketing-department_b5944cacf656ed76,,,,
Brand Sponsor,Czech Republic (home),Decathlon Česká republika,Sports retail (Sparta Praha partnership),Czech Republic,Martina Melicherová,Chief Marketing Officer,,,,https://rocketreach.co/martina-melicherova-email_111881602,,,,
Brand Sponsor,Czech Republic (home),Hervis Sport (ČR),Sports retail,Czech Republic,,,(general contact),,,https://www.hervis.cz/kontakt/,,,,
Brand Sponsor,Czech Republic (home),A3sport,Sports retail,Czech Republic,,,marketing@a3sport.cz,,+420 377 454 460,https://www.a3sport.cz/kontakty,,,,
Brand Sponsor,Czech Republic (home),Billa Česká republika,Grocery retail (Czech Olympic Team / Olympijský festival partner),Czech Republic,,,info@billa.cz,,,https://www.olympijskytym.cz/partner/billa-odm,,,,
Brand Sponsor,Czech Republic (home),Orange Slovensko,"Telecom (main sponsor, Slovak national ice hockey team)",Slovak Republic,Tomáš Palovský,Communication and Brand,,https://www.linkedin.com/in/tomaspalovsky/,,LinkedIn profile,,,,
Brand Sponsor,Czech Republic (home),Tatra banka (Nadácia Tatra banky),Banking (youth hockey club sponsorship),Slovak Republic,,,,,,https://www.hokejpartizanske.sk/o-nas/sponzoring/nadacia-tatra-banky/,,,,
Brand Sponsor,Czech Republic (home),Slovenská sporiteľňa,Banking,Slovak Republic,,,sponzoring@slsp.sk,,,https://www.slsp.sk/sk/informacie-o-banke/sponzoring,,,,
Brand Sponsor,Czech Republic (home),Česká spořitelna,Banking,Czech Republic,Veronika Daďová,"Marketingový specialista, sponzoring a eventy",,https://www.linkedin.com/in/veronika-da%C4%8Fov%C3%A1-647a9511a/,,LinkedIn profile,,,,
Brand Sponsor,Worldwide,CCM Hockey,Ice Hockey Equipment,Canada,Jodi Clark,"Brand Marketing Manager, CCM Hockey",jodi.clark@ccmhockey.com,,514-927-8459,https://us.ccmhockey.com/pressbox.html,,,,
Brand Sponsor,Worldwide,Bauer Hockey,Ice Hockey Equipment,USA,Jeffrey Kotcher,"Global Brand Manager, Bauer Hockey",media@bauer.com (org),linkedin.com/in/jeffrey-kotcher-33b04041,603-430-2111 (org media line),PR Newswire Bauer press release,,,,
Brand Sponsor,Worldwide,Warrior Hockey,Ice Hockey Equipment,USA,Amy Dow,"Director, PR & Government Affairs, New Balance (parent co.; PR contact on a Warrior Hockey release)",amy.dow@newbalance.com,,617-746-2214,https://newbalance.newsmarket.com (Warrior Hockey press release),,,,
Brand Sponsor,Worldwide,Sher-Wood Hockey,Ice Hockey Equipment,Canada,,(org-level only),(contact form only),,1-844-651-2313,https://sherwoodhockey.com/pages/contact-us,,,,
Brand Sponsor,Worldwide,Joma,Football Kit/Boots,Spain,Rafa Ripoll,Head of Global Sponsorships — Football and Tennis,,linkedin.com/posts/rafa-niederleytner-ripoll-a761421b0,,https://rocketreach.co/rafa-ripoll-email_820880533,,,,
Brand Sponsor,Worldwide,Hummel,Football Kit/Boots,Denmark,Geoffrey Moritz,Sports Marketing Manager,,https://fr.linkedin.com/in/geoffrey-moritz-318b01123,,LinkedIn profile,,,,
Brand Sponsor,Worldwide,Kelme,Football Kit/Boots,Spain,,(org-level),Tienda.Online@kelme.es,,,https://kelme.com/policies/legal-notice,,,,
Brand Sponsor,Worldwide,Puma,Football Kit/Boots,Germany,Manolo Schürmann,"Senior Director, Global Sports Marketing Teamsport (football)",,de.linkedin.com/in/manolo-sch%C3%BCrmann-24935222,,https://rocketreach.co/manolo-schurmann-email_9060736; insidersport.com,,,,
Brand Sponsor,Worldwide,Macron S.p.A.,Football Kit/Boots,Italy,,(org-level),info@macron.com,linkedin.com/company/officialmacron,+39 051 672 00 77,https://macron.com/en/contacts; https://about.macron.com/en/sponsorships,,,,
Brand Sponsor,Worldwide,uhlsport GmbH,Football Kit/Boots,Germany,Melanie Steinhilber,CEO / Geschäftsführung (remit includes Sponsoring & Digital Marketing per company bio),,,+49 (0) 7433 268-0 (general),https://uhlsport.group/geschaeftsleitung; https://uhlsport.group/impressum,,,,
Brand Sponsor,Worldwide,Umbro,Football Kit/Boots,United Kingdom,,(org-level; sponsorship enquiries),tactics@umbro.com,linkedin.com/company/umbro,,https://umbro.com/en/contact-us,,,,
Brand Sponsor,Worldwide,Diadora S.p.A.,Football Kit/Boots,Italy,,(org-level; form has Marketing/Commercial collaborations categories),(contact form only),linkedin.com/company/diadora-spa,800 20145420 (IT toll-free),https://diadora.com/en/it/contactus,,,,
Brand Sponsor,Worldwide,Lotto Sport Italia S.p.A.,Football Kit/Boots,Italy,,(org-level; form has Collaborazioni & Sponsorizzazioni category),(contact form only),linkedin.com/company/lotto-sport-italia-spa,+39 0423 076 017,https://lotto.it/pages/contact,,,,
Brand Sponsor,Worldwide,STIGA Sports AB,Table Tennis & Floorball Gear,Sweden,,(org-level),stiga@stigasports.se,,08-764 66 66,https://stigasports.com/sv/legal/contact-us,,,,
Brand Sponsor,Worldwide,Salming Sports AB,Floorball & Running Gear,Sweden,,(org-level),webstore@salming.com,,031-730 00 00,https://salming.com/policies/contact-information,,,,
Brand Sponsor,Worldwide,Select Sport A/S,Handball & Football Gear,Denmark,Peter Knap,CEO (no dedicated sponsorship contact publicly named),,,+45 43 96 96 66 (general),https://select-sport.com/pages/about-select; /pages/sponsorship-handball,,,,
Brand Sponsor,Worldwide,ERIMA GmbH,"Handball, Football & Team Sportswear",Germany,,"(org-level; dedicated marketing contact form, no named person)",service@erima.de,,07121 342 370,https://erima.de/corporate/marketingkontakt,,,,
Brand Sponsor,Worldwide,Kempa (brand of uhlsport GmbH),Handball Gear,Germany,,(org-level),(contact form via site nav),,0180-000000 (service hotline),https://kempa-sports.com,,,,
Brand Sponsor,Worldwide,Mizuno USA,Baseball/Softball/Volleyball/Running,Japan,Mark O'Brien,"VP of Brand Marketing & Management, Mizuno USA",,,,https://consumergoods.com/mizuno-usa-names-new-vp-brand-marketing,,,,
Brand Sponsor,Worldwide,Franklin Sports,"Youth Sports Equipment (baseball, street hockey, pickleball)",USA,Austin Hartsook,Senior Marketing Manager,,linkedin.com/in/austinhartsook,,necbl.com (Franklin Sports NECBL release),,,,
Brand Sponsor,Worldwide,Rawlings Sporting Goods,Baseball/Softball Equipment,USA,Lindsey Naber,"Senior Director, Brand Marketing",,,,"ZoomInfo profile (Lindsey Naber, Rawlings)",,,,
Brand Sponsor,Worldwide,Wilson Sporting Goods,Baseball/Basketball/Team Sports,USA,Amanda Lamb,Head of Global Brand,,linkedin.com/in/amandalamb,,PR Newswire (Wilson/Caitlin Clark release),,,,
Brand Sponsor,Worldwide,Telia Company,Telecom / Youth Sport & Esports Sponsorship,Sweden,,(org-level) Press Office,,linkedin.com/company/teliacompany,+46 771 77 58 30,https://news.cision.com/telia-company/contact,,,,
Brand Sponsor,Worldwide,Elisa Oyj,Telecom / Corporate Communications,Finland,Kati Norppa,IR and Executive Communications Lead,kati.norppa@elisa.fi,,+358 50 308 9773,https://elisa.com/corporate/investors/investor-relations,,,,
Brand Sponsor,Worldwide,Swedbank,"Banking / Youth Sport Sponsorship (Swedbank Cup, Baltics)",Sweden,Hannes Mård,Head of Press,hannes.mard@swedbank.se,,+46 73 057 41 95,https://swedbank.com/newsroom/press-contacts.html,,,,
Brand Sponsor,Worldwide,If P&C Insurance (If),Insurance / CSR & Sustainability Communications,Sweden,Jessica Balksjö Nannini,Nordic Corporate & Sustainability Communication Strategist,jessica.balksjo.nannini@if.se,,,https://if-insurance.com/about-if/social-responsibility,,,,
League,Czech Republic (home),Chance Liga (LFA – Ligová fotbalová asociace),"Football, men, 1st tier",Czech Republic,Daniel Hajný,Commercial & Marketing Director,hajny@lfafotbal.cz,,+420 210 320 099 (LFA main line),https://www.lfafotbal.cz/kontakty,,,,
League,Czech Republic (home),FORTUNA:NÁRODNÍ LIGA (LFA),"Football, men, 2nd tier",Czech Republic,Daniel Hajný,Commercial & Marketing Director,hajny@lfafotbal.cz,,+420 210 320 099,https://www.lfafotbal.cz/kontakty,,,,
League,Czech Republic (home),MSFL – 3. Moravskoslezská fotbalová liga,"Football, men, 3rd tier (Moravia)",Czech Republic,Ing. Vladimír Janoško,Secretary (sekretář),janosko@mskfs.cz,,+420 603 113 744,http://www.mskfs.cz/contact/,,,,
League,Czech Republic (home),ČFL – Česká fotbalová liga (FAČR Řídící komise pro Čechy),"Football, men, 3rd tier (Bohemia)",Czech Republic,,(org-level),facr@fotbal.cz,,+420 233 029 111,https://www.fotbal.cz/facr/kontakty/p68,,,,
League,Czech Republic (home),Divize – Zlínský krajský fotbalový svaz,"Football, men, 4th tier (Zlín region)",Czech Republic,Lukáš Radovan,Secretary (sekretář),lukas@kfszlin.cz,,+420 604 762 224,https://kfszlin.cz/,,,,
League,Czech Republic (home),Divize – Pardubický krajský fotbalový svaz,"Football, men, 4th tier (Pardubice region)",Czech Republic,Ing. Martin Voženílek,Secretary (sekretář),,,,https://www.fotbal.cz/facr/document/download/19512,,,,
League,Czech Republic (home),I. liga žen (FAČR),"Football, women, top tier",Czech Republic,Michal Kvapil,"Coordinator, women's football competitions",kvapil@fotbal.cz,,+420 720 851 286,https://www.fotbal.cz/souteze/subjekty/subjekt/392,,,,
League,Czech Republic (home),2. liga žen (FAČR),"Football, women, 2nd tier",Czech Republic,,(org-level),facr@fotbal.cz,,+420 233 029 111,https://www.fotbal.cz/zeny/clanky/rubrika/55,,,,
League,Czech Republic (home),Tipsport Extraliga (APK LH),"Ice hockey, men, 1st tier",Czech Republic,Jan Vtípil,"PR, Media & Marketing",vtipil@apklh.cz,,+420 774 928 275,https://www.apklh.cz/kontakt,,,,
League,Czech Republic (home),Maxa liga (1. česká hokejová liga; marketing partner BPA sport marketing a.s.),"Ice hockey, men, 2nd tier",Czech Republic,,(org-level),bpa@bpa.cz,,+420 266 090 950,https://www.bpa.cz/o-nas,,,,
League,Czech Republic (home),Superliga florbalu mužů (Český florbal / ČFbU),"Floorball, men",Czech Republic,,"(org-level, Marketing a komunikace dept.)",info@ceskyflorbal.cz,,+420 261 219 549,https://www.ceskyflorbal.cz/secretariat/,,,,
League,Czech Republic (home),Superliga florbalu žen (Český florbal / ČFbU),"Floorball, women",Czech Republic,,(org-level),info@ceskyflorbal.cz,,+420 261 219 549,https://www.ceskyflorbal.cz/secretariat/,,,,
League,Czech Republic (home),Extraliga házené mužů (ČSH),"Handball, men",Czech Republic,Nicola Mlýnková,Marketing & Communications Specialist,mlynkova@handball.cz,,+420 773 492 272,https://www.handball.cz/svaz/kontakty,,,,
League,Czech Republic (home),Moravskoslezský krajský svaz házené,"Handball, regional",Czech Republic,Petra Zeleňaková,Regional Manager,zelenakova@handball.cz,,+420 737 866 980,https://www.mskhandball.cz/kontakty/,,,,
League,Czech Republic (home),Mattoni NBL (ČBF),"Basketball, men",Czech Republic,Martin Peterka,Marketing Director,mpeterka@cz.basketball,,,https://cbf.cz.basketball/sekretariat/p50,,,,
League,Czech Republic (home),ŽBL – Ženská basketbalová liga (ČBF),"Basketball, women",Czech Republic,Barbora Peštálová,"PR, Women's League & Women's National Teams",bpestalova@cz.basketball,,,https://cbf.cz.basketball/sekretariat/p50,,,,
League,Czech Republic (home),Extraliga volejbalu mužů / Chance volejbalová liga (ČVS),"Volleyball, men",Czech Republic,,(org-level),cvf@cvf.cz,,+420 773 788 766,https://www.cvf.cz/cvs/adresar,,,,
League,Czech Republic (home),Extraliga volejbalu žen / DATART Extraliga (ČVS),"Volleyball, women",Czech Republic,,(org-level),cvf@cvf.cz,,+420 773 788 766,https://www.cvf.cz/cvs/adresar,,,,
League,Czech Republic (home),1. FUTSAL liga / Chance futsal liga (FAČR),"Futsal, men",Czech Republic,,(org-level),facr@fotbal.cz,,+420 233 029 111,https://cs.wikipedia.org/wiki/1._%C4%8Desk%C3%A1_futsalov%C3%A1_liga,,,,
League,Czech Republic (home),Extraliga rugby (ČSRU),"Rugby, men",Czech Republic,Dušan Palcr,President,,,,https://cs.wikipedia.org/wiki/%C4%8Cesk%C3%A1_rugbyov%C3%A1_unie,,,,
League,Worldwide,DEL (Deutsche Eishockey Liga),Ice Hockey,Germany,Gernot Tripcke,Geschäftsführer (Managing Director),info@penny-del.org,,+49 2131 15358-0,https://penny-del.org/intern/impressum; https://de.wikipedia.org/wiki/Deutsche_Eishockey_Liga,,,,
League,Worldwide,DEL2,Ice Hockey,Germany,René Rudorisch,"CEO, ESBG (DEL2 operator)",,,,https://en.wikipedia.org/wiki/DEL2,,,,
League,Worldwide,ICEHL (ICE Hockey League),Ice Hockey,Austria (Alps region),Karl Safron,CEO,,,,https://en.wikipedia.org/wiki/ICE_Hockey_League,,,,
League,Worldwide,National League,Ice Hockey,Switzerland,Denis Vaucher,"CEO, Swiss Ice Hockey Federation",info@sihf.ch (org-level),,+41 44 306 50 50,https://en.wikipedia.org/wiki/National_League_(ice_hockey); https://sihf.ch/de/kontakt,,,,
League,Worldwide,Liiga,Ice Hockey,Finland,Mikko Pulkkinen,CEO,,,,https://en.wikipedia.org/wiki/Liiga,,,,
League,Worldwide,Mestis,Ice Hockey,Finland,Jenni Jäntti,Marketing Coordinator,jenni.jantti@finhockey.fi,,+358 50 911 6377,https://mestis.fi/fi/mestis/yhteystiedot,,,,
League,Worldwide,Tipos extraliga,Ice Hockey,Slovakia,,"(org-level — Slovak Ice Hockey Federation, SZĽH)",,,,https://www.hockeyslovakia.sk,,,,
League,Worldwide,PHL (Polska Hokej Liga),Ice Hockey,Poland,Mirosław Minkina,CEO,,,,https://en.wikipedia.org/wiki/Polska_Hokej_Liga,,,,
League,Worldwide,AHL (American Hockey League),Ice Hockey,USA/Canada,Chris Nikolis,"Executive Vice President, Business Development",cnikolis@theahl.com,,,https://theahl.com/about/staff-directory,,,,
League,Worldwide,ECHL,Ice Hockey,USA/Canada,Terry Kalna,Chief Operating Officer,echl@echl.com (general league line),,+1 609-452-0770,https://echl.com/about/staff-directory,,,,
League,Worldwide,Fortuna Liga / Niké liga (Slovak Football Association),Football,Slovakia,Lukáš Donoval,"Director of Marketing and PR, SFZ Marketing",lukas.donoval@sfzmarketing.sk,,,https://futbalsfz.sk/kontakt,,,,
League,Worldwide,Ekstraklasa,Football,Poland,Dominik Mucha,Media Relations contact (org-level; no separate Commercial/Marketing Director publicly listed),media@ekstraklasa.org,,+48 608 353 130,https://ekstraklasa.org/kontakt,,,,
League,Worldwide,Allsvenskan (Svensk Elitfotboll),Football,Sweden,Robert Johansson,Kommunikationsansvarig (Communication Manager),robert.johansson@svenskelitfotboll.se,,+46 70-361 66 74,https://svenskelitfotboll.se/superettan/,,,,
League,Worldwide,Superettan (Svensk Elitfotboll),Football,Sweden,Robert Johansson,Kommunikationsansvarig (Communication Manager),robert.johansson@svenskelitfotboll.se,,+46 70-361 66 74,https://svenskelitfotboll.se/superettan/,,,,
League,Worldwide,Eliteserien (Norsk Toppfotball),Football,Norway,Pål Breen,Kommersiell leder (Commercial Director),,,+47 90 55 37 56,https://eliteserien.no/samarbeidspartnere/Bli-en-partner,,,,
League,Worldwide,Superligaen (Divisionsforeningen),Football,Denmark,Jesper Duelund Jensen,Marketingchef (Marketing Director),jdue@df.dbu.dk,,+45 23 80 19 13,https://divisionsforeningen.dk/ansatte,,,,
League,Worldwide,MLS Next Pro,Football,USA/Canada,Mac Bartels,"VP, Commercial Growth & Business Operations",,,,https://mlsnextpro.com/about/leadership,,,,
League,Worldwide,USL Championship,Football,USA,,(org-level; official site blocked automated access),,,,https://uslchampionship.com,,,,
League,Worldwide,J.League (J2 Division),Football,Japan,,(org-level; business contact form),,,,https://jleague.jp/en/aboutj/,,,,
League,Worldwide,K League (K League 2 Division),Football,South Korea,,(org-level),,,+82 2-2002-0702,https://kleague.com,,,,
League,Worldwide,Liga Portugal (Liga Portugal 2),Football,Portugal,,(org-level),geral@ligaportugal.pt,,+351 22 834 87 40,https://ligaportugal.pt/pages/contactos,,,,
League,Worldwide,Liga 1 (Liga Profesionistă de Fotbal),Football,Romania,,(org-level),office@lpf.ro,,+40 21 412 0165,https://lpf.ro/contact,,,,
League,Worldwide,NB I / OTP Bank Liga (MLSZ),Football,Hungary,,"(org-level, Marketing Dept.)",marketing@mlsz.hu,,+36 1 577 9500,https://mlsz.hu/kapcsolat,,,,
League,Worldwide,SuperLiga Srbije,Football,Serbia,,(org-level),office@superliga.rs,,+381 11 323 4700,https://superliga.rs/kontakt,,,,
League,Worldwide,Proligue (LNH – Ligue Nationale de Handball),Handball,France,Victor Boillaud,Directeur Communication & Marketing,v.boillaud@lnh.fr,,+33 1 78 09 97 91,https://lnh.fr/espace-medias/contacts,,,,
League,Worldwide,2. Bundesliga Handball (Handball-Bundesliga GmbH),Handball,Germany,Frank Bohmann,"Geschäftsführer (Managing Director, since 2003)",bohmann@handball-bundesliga.de,,+49 2203 98967-0,https://de.wikipedia.org/wiki/Handball-Bundesliga,,,,
League,Worldwide,PLK (Polska Liga Koszykówki),Basketball,Poland,,(org-level),biuro@plk.pl,,+48 22 877 30 40,https://plk.pl/kontakt,,,,
League,Worldwide,2. Basketball Bundesliga (ProA/ProB),Basketball,Germany,,(org-level),info@2basketballbundesliga.de,,+49 221 981 77 19,https://2basketballbundesliga.de/liga/kontakt,,,,
League,Worldwide,"LNP (Lega Nazionale Pallacanestro, Serie A2)",Basketball,Italy,,(org-level),info@legapallacanestro.com,,,https://legapallacanestro.com/dentro-lnp/contatti,,,,
League,Worldwide,Svenska Superligan (Svenska Innebandyförbundet),Floorball,Sweden,,(org-level),kundtjanst@innebandy.se,,+46 8-514 274 00,https://innebandy.se/svenska-superligan/,,,,
League,Worldwide,F-liiga,Floorball,Finland,Mikko Aikko,Myynti- ja kehitysjohtaja (Director of Sales & Development),mikko.aikko@fliiga.com,,+358 400 529 025,https://salibandy.fi/info-2/yhteystiedot/henkilosto/,,,,
